iter	RMSE
0	0.08312806342
1	0.08271283118
2	0.08240104091
3	0.08197086417
4	0.08156919696
5	0.08111358171
6	0.08068405512
7	0.08018460917
8	0.07970857013
9	0.07924397082
10	0.07884939839
11	0.07860648753
12	0.07827572476
13	0.07806012822
14	0.07771345423
15	0.07746740433
16	0.07716338229
17	0.07687101018
18	0.07665033089
19	0.07648443908
20	0.0762468211
