Timeframe,Horizon,Test Samples,MAPE (%),R²,Directional Accuracy (%),MAE ($)
Daily,1d,107,1.2927399827148114,-0.0025294164651261,50.467289719626166,1483.150653766051
Daily,3d,106,2.2323417702622708,-0.0117013369302649,53.77358490566038,2561.5600167346474
Daily,7d,106,3.4610636740378995,-0.0005027161002859,57.54716981132076,3997.179005459653
Hourly,1h,248,0.3313389515544381,-0.0020200300670278,48.38709677419355,393.652625512164
Hourly,6h,247,0.844125873126407,-0.0107918324494382,48.58299595141701,1001.3308737125816
Hourly,24h,244,2.0324173049864886,-0.0341567209591284,52.86885245901639,2376.706827744612
15-Minute,15m,1112,0.1598768203246299,-0.0001604058995652,48.92086330935252,189.2732701741364
15-Minute,30m,1112,0.2268622292332953,-0.0002707494293552,50.0,268.3775609111339
15-Minute,2h,1111,0.4506176240453992,-0.0012032183136927,50.67506750675067,534.3906945305623
